Sample	Baltimore_group	confidence	note	organism
Influenza_A_virus_A_California_07_2009_H1N1_1	V	high		Influenza A virus (A/California/07/2009(H1N1))
Influenza_A_virus_A_California_07_2009_H1N1_7	V	high		Influenza A virus (A/California/07/2009(H1N1))
Influenza_A_virus_A_California_07_2009_H1N1_8	V	high		Influenza A virus (A/California/07/2009(H1N1))
Influenza_A_virus_A_California_07_2009_H1N1_3	V	high		Influenza A virus (A/California/07/2009(H1N1))
Influenza_A_virus_A_California_07_2009_H1N1_4	V	high		Influenza A virus (A/California/07/2009(H1N1))
Influenza_A_virus_A_California_07_2009_H1N1_6	V	high		Influenza A virus (A/California/07/2009(H1N1))
Influenza_A_virus_A_California_07_2009_H1N1_2	V	high		Influenza A virus (A/California/07/2009(H1N1))
Influenza_A_virus_A_California_07_2009_H1N1_5	V	high		Influenza A virus (A/California/07/2009(H1N1))
Influenza_A_virus_A_Hong_Kong_1073_99_H9N2_3	V	high		Influenza A virus (A/Hong Kong/1073/99(H9N2))
Influenza_A_virus_A_Hong_Kong_1073_99_H9N2_1	V	high		Influenza A virus (A/Hong Kong/1073/99(H9N2))
Influenza_A_virus_A_Hong_Kong_1073_99_H9N2_2	V	high		Influenza A virus (A/Hong Kong/1073/99(H9N2))
Influenza_A_virus_A_Hong_Kong_1073_99_H9N2_6	V	high		Influenza A virus (A/Hong Kong/1073/99(H9N2))
Influenza_A_virus_A_Hong_Kong_1073_99_H9N2_5	V	high		Influenza A virus (A/Hong Kong/1073/99(H9N2))
Influenza_A_virus_A_Hong_Kong_1073_99_H9N2_8	V	high		Influenza A virus (A/Hong Kong/1073/99(H9N2))
Influenza_A_virus_A_Hong_Kong_1073_99_H9N2_7	V	high		Influenza A virus (A/Hong Kong/1073/99(H9N2))
Influenza_A_virus_A_Hong_Kong_1073_99_H9N2_4	V	high		Influenza A virus (A/Hong Kong/1073/99(H9N2))
Influenza_A_virus_A_Korea_426_1968_H2N2_2	V	high		Influenza A virus (A/Korea/426/1968(H2N2))
Influenza_A_virus_A_Korea_426_1968_H2N2_6	V	high		Influenza A virus (A/Korea/426/1968(H2N2))
Influenza_A_virus_A_Korea_426_1968_H2N2_3	V	high		Influenza A virus (A/Korea/426/1968(H2N2))
Influenza_A_virus_A_Korea_426_1968_H2N2_7	V	high		Influenza A virus (A/Korea/426/1968(H2N2))
Influenza_A_virus_A_Korea_426_1968_H2N2_5	V	high		Influenza A virus (A/Korea/426/1968(H2N2))
Influenza_A_virus_A_Korea_426_1968_H2N2_1	V	high		Influenza A virus (A/Korea/426/1968(H2N2))
Influenza_A_virus_A_Korea_426_1968_H2N2_8	V	high		Influenza A virus (A/Korea/426/1968(H2N2))
Influenza_A_virus_A_Korea_426_1968_H2N2_4	V	high		Influenza A virus (A/Korea/426/1968(H2N2))
Influenza_A_virus_A_New_York_392_2004_H3N2_3	V	high		Influenza A virus (A/New York/392/2004(H3N2))
Influenza_A_virus_A_New_York_392_2004_H3N2_6	V	high		Influenza A virus (A/New York/392/2004(H3N2))
Influenza_A_virus_A_New_York_392_2004_H3N2_7	V	high		Influenza A virus (A/New York/392/2004(H3N2))
Influenza_A_virus_A_New_York_392_2004_H3N2_5	V	high		Influenza A virus (A/New York/392/2004(H3N2))
Influenza_A_virus_A_New_York_392_2004_H3N2_4	V	high		Influenza A virus (A/New York/392/2004(H3N2))
Influenza_A_virus_A_New_York_392_2004_H3N2_8	V	high		Influenza A virus (A/New York/392/2004(H3N2))
Influenza_A_virus_A_New_York_392_2004_H3N2_2	V	high		Influenza A virus (A/New York/392/2004(H3N2))
Influenza_A_virus_A_New_York_392_2004_H3N2_1	V	high		Influenza A virus (A/New York/392/2004(H3N2))
Influenza_A_virus_A_Puerto_Rico_8_1934_H1N1_7	V	high		Influenza A virus (A/Puerto Rico/8/1934(H1N1))
Influenza_A_virus_A_Puerto_Rico_8_1934_H1N1_6	V	high		Influenza A virus (A/Puerto Rico/8/1934(H1N1))
Influenza_A_virus_A_Puerto_Rico_8_1934_H1N1_4	V	high		Influenza A virus (A/Puerto Rico/8/1934(H1N1))
Influenza_A_virus_A_Puerto_Rico_8_1934_H1N1_3	V	high		Influenza A virus (A/Puerto Rico/8/1934(H1N1))
Influenza_A_virus_A_Puerto_Rico_8_1934_H1N1_1	V	high		Influenza A virus (A/Puerto Rico/8/1934(H1N1))
Influenza_A_virus_A_Puerto_Rico_8_1934_H1N1_5	V	high		Influenza A virus (A/Puerto Rico/8/1934(H1N1))
Influenza_A_virus_A_Puerto_Rico_8_1934_H1N1_8	V	high		Influenza A virus (A/Puerto Rico/8/1934(H1N1))
Influenza_A_virus_A_Puerto_Rico_8_1934_H1N1_2	V	high		Influenza A virus (A/Puerto Rico/8/1934(H1N1))
Influenza_A_virus_A_Shanghai_02_2013_H7N9_8	V	high		Influenza A virus (A/Shanghai/02/2013(H7N9))
Influenza_A_virus_A_Shanghai_02_2013_H7N9_6	V	high		Influenza A virus (A/Shanghai/02/2013(H7N9))
Influenza_A_virus_A_Shanghai_02_2013_H7N9_5	V	high		Influenza A virus (A/Shanghai/02/2013(H7N9))
Influenza_A_virus_A_Shanghai_02_2013_H7N9_3	V	high		Influenza A virus (A/Shanghai/02/2013(H7N9))
Influenza_A_virus_A_Shanghai_02_2013_H7N9_2	V	high		Influenza A virus (A/Shanghai/02/2013(H7N9))
Influenza_A_virus_A_Shanghai_02_2013_H7N9_7	V	high		Influenza A virus (A/Shanghai/02/2013(H7N9))
Influenza_A_virus_A_Shanghai_02_2013_H7N9_1	V	high		Influenza A virus (A/Shanghai/02/2013(H7N9))
Influenza_A_virus_A_Shanghai_02_2013_H7N9_4	V	high		Influenza A virus (A/Shanghai/02/2013(H7N9))
Influenza_A_virus_A_goose_Guangdong_1_1996_H5N1_4	V	high		Influenza A virus (A/goose/Guangdong/1/1996(H5N1))
Influenza_A_virus_A_goose_Guangdong_1_1996_H5N1_7	V	high		Influenza A virus (A/goose/Guangdong/1/1996(H5N1))
Influenza_A_virus_A_goose_Guangdong_1_1996_H5N1_8	V	high		Influenza A virus (A/goose/Guangdong/1/1996(H5N1))
Influenza_A_virus_A_goose_Guangdong_1_1996_H5N1_5	V	high		Influenza A virus (A/goose/Guangdong/1/1996(H5N1))
Influenza_A_virus_A_goose_Guangdong_1_1996_H5N1_6	V	high		Influenza A virus (A/goose/Guangdong/1/1996(H5N1))
Influenza_A_virus_A_goose_Guangdong_1_1996_H5N1_1	V	high		Influenza A virus (A/goose/Guangdong/1/1996(H5N1))
Influenza_A_virus_A_goose_Guangdong_1_1996_H5N1_3	V	high		Influenza A virus (A/goose/Guangdong/1/1996(H5N1))
Influenza_A_virus_A_goose_Guangdong_1_1996_H5N1_2	V	high		Influenza A virus (A/goose/Guangdong/1/1996(H5N1))
Human_immunodeficiency_virus_1	VI	high		Human immunodeficiency virus 1
Hepatitis_C_virus_isolate_H77	IV	high		Hepatitis C virus (isolate H77)
Hepatitis_C_virus_genotype_1	IV	high		Hepatitis C virus genotype 1
Hepatitis_C_virus_genotype_2	IV	high		Hepatitis C virus genotype 2
Hepatitis_C_virus_genotype_3	IV	high		Hepatitis C virus genotype 3
Hepatitis_C_virus_genotype_4	IV	high		Hepatitis C virus genotype 4
Hepatitis_C_virus_genotype_6	IV	high		Hepatitis C virus genotype 6
Influenza_B_virus_B_Lee_1940_3	V	high		Influenza B virus (B/Lee/1940)
Influenza_B_virus_B_Lee_1940_2	V	high		Influenza B virus (B/Lee/1940)
Influenza_B_virus_B_Lee_1940_1	V	high		Influenza B virus (B/Lee/1940)
Influenza_B_virus_B_Lee_1940_7	V	high		Influenza B virus (B/Lee/1940)
Influenza_B_virus_B_Lee_1940_5	V	high		Influenza B virus (B/Lee/1940)
Influenza_B_virus_B_Lee_1940_8	V	high		Influenza B virus (B/Lee/1940)
Influenza_B_virus_B_Lee_1940_4	V	high		Influenza B virus (B/Lee/1940)
Influenza_B_virus_B_Lee_1940_6	V	high		Influenza B virus (B/Lee/1940)
Hepatitis_B_virus	VII	high		Hepatitis B virus
Rotavirus_A_3	III	high		Rotavirus A
Rotavirus_A_8	III	high		Rotavirus A
Rotavirus_A_11	III	high		Rotavirus A
Rotavirus_A_6	III	high		Rotavirus A
Rotavirus_A_4	III	high		Rotavirus A
Rotavirus_A_1	III	high		Rotavirus A
Rotavirus_A_10	III	high		Rotavirus A
Rotavirus_A_9	III	high		Rotavirus A
Rotavirus_A_2	III	high		Rotavirus A
Rotavirus_A_7	III	high		Rotavirus A
Norovirus_GI_Hu_JP_1998_GI_6_PNA4_No20_Saitama_98_17	IV	high		Norovirus GI
Norovirus_GI_Hu_BD_2011_GI_7_PNA2_Dhaka1882	IV	high		Norovirus GI
Norovirus_GI_Hu_JP_2007_GI_P3_GI_3_Shimizu_KK2866	IV	high		Norovirus GI/Hu/JP/2007/GI.P3_GI.3/Shimizu/KK2866
Norovirus_GII_NORO_226_06_01_2016	IV	high		Norovirus GII
Norovirus_GII_NORO_176_1_17_12_2015	IV	high		Norovirus GII
Norovirus_GII_17	IV	high		Norovirus GII.17
Norovirus_GII_2	IV	high		Norovirus GII.2
Norovirus_GII_Hu_JP_2007_GII_P15_GII_15_Sapporo_HK299	IV	high		Norovirus GII/Hu/JP/2007/GII.P15_GII.15/Sapporo/HK299
Norovirus_GII_Hu_JP_2011_GII_Yuzawa_Gira2HS	IV	high		Norovirus GII/Hu/JP/2011/GII/Yuzawa/Gira2HS
Norovirus_GV	IV	high		Norovirus GV
Norwalk_like_virus	IV	high		Norwalk-like virus
Primate_norovirus	IV	high		Primate norovirus
Human_orthopneumovirus_B1	V	high		Human orthopneumovirus
Human_respiratory_syncytial_virus_A	V	high		Human respiratory syncytial virus A
dengue_virus_type_1	IV	high		dengue virus type 1
dengue_virus_type_2	IV	high		dengue virus type 2
dengue_virus_type_3	IV	high		dengue virus type 3
dengue_virus_type_4	IV	high		dengue virus type 4
Porcine_reproductive_and_respiratory_syndrome_virus	IV	high		Porcine reproductive and respiratory syndrome virus
Porcine_reproductive_and_respiratory_syndrome_virus_2	IV	high		Porcine reproductive and respiratory syndrome virus 2
Coxsackievirus_A2	IV	high		Coxsackievirus A2
Enterovirus_A	IV	high		Enterovirus A
enterovirus_A114	IV	high		enterovirus A114
Coxsackievirus_B3	IV	high		Coxsackievirus B3
Enterovirus_B	IV	high		Enterovirus B
Lyssavirus_rabies	V	high		Lyssavirus rabies
Bovine_viral_diarrhea_virus_1	IV	high		Bovine viral diarrhea virus 1
Bovine_viral_diarrhea_virus_1_SD1	IV	high		Bovine viral diarrhea virus 1-SD1
Measles_morbillivirus	V	high		Measles morbillivirus
West_Nile_virus_956	IV	high		West Nile virus
West_Nile_virus_385_99	IV	high		West Nile virus
Human_papillomavirus_16	I	high		Human papillomavirus 16
Duck_coronavirus	IV	high		Duck coronavirus
Infectious_bronchitis_virus_Beaudette	IV	high		Infectious bronchitis virus
Infectious_bronchitis_virus_Ind_TN92_03	IV	high		Infectious bronchitis virus
Turkey_coronavirus	IV	high		Turkey coronavirus
Avian_orthoavulavirus_1_JSD0812	V	high		Avian orthoavulavirus 1
Avian_orthoavulavirus_1_chicken_N_Ireland_Ulster_67	V	high		Avian orthoavulavirus 1
Foot_and_mouth_disease_virus_O	IV	high		Foot-and-mouth disease virus O
Hepatitis_E_virus	IV	high		Hepatitis E virus
African_swine_fever_virus_BA71V	I	high		African swine fever virus
African_swine_fever_virus_L60	I	high		African swine fever virus
African_swine_fever_virus_BA71	I	high		African swine fever virus
African_swine_fever_virus_NHV	I	high		African swine fever virus
African_swine_fever_virus_Kenya_1950	I	high		African swine fever virus
African_swine_fever_virus_Ken05_Tk1	I	high		African swine fever virus
African_swine_fever_virus_Ken06_Bus	I	high		African swine fever virus
African_swine_fever_virus_26544_OG10	I	high		African swine fever virus
African_swine_fever_virus_Odintsovo_02_14	I	high		African swine fever virus
African_swine_fever_virus_Warthog	I	high		African swine fever virus
African_swine_fever_virus_Warmbaths	I	high		African swine fever virus
African_swine_fever_virus_Tengani_62	I	high		African swine fever virus
African_swine_fever_virus_Pretorisuskop_96_4	I	high		African swine fever virus
African_swine_fever_virus_Mkuzi_1979	I	high		African swine fever virus
African_swine_fever_virus_Malawi_Lil_20_1_1983	I	high		African swine fever virus
African_swine_fever_virus_47_Ss_2008	I	high		African swine fever virus
African_swine_fever_virus_ASFV_Georgia_2007_1	I	high		African swine fever virus
African_swine_fever_virus_Benin_97_1	I	high		African swine fever virus Benin 97/1
African_swine_fever_virus_E75	I	high		African swine fever virus E75
African_swine_fever_virus_OURT_88_3	I	high		African swine fever virus OURT 88/3
Enterovirus_C	IV	high		Enterovirus C
Mumps_orthorubulavirus	V	high		Mumps orthorubulavirus
Human_metapneumovirus	V	high		Human metapneumovirus
Bluetongue_virus_1	III	high		Bluetongue virus
Bluetongue_virus_3	III	high		Bluetongue virus
Bluetongue_virus_10	III	high		Bluetongue virus
Bluetongue_virus_6	III	high		Bluetongue virus
Bluetongue_virus_8	III	high		Bluetongue virus
Bluetongue_virus_5	III	high		Bluetongue virus
Bluetongue_virus_7	III	high		Bluetongue virus
Bluetongue_virus_9	III	high		Bluetongue virus
Bluetongue_virus_4	III	high		Bluetongue virus
Human_gammaherpesvirus_4	I	high		Human gammaherpesvirus 4
Human_herpesvirus_4_type_2	I	high		Human herpesvirus 4 type 2
Porcine_circovirus_2_AUT1	II	high		Porcine circovirus 2
Porcine_circovirus_2_JX0301	II	high		Porcine circovirus 2
rhinovirus_A1	IV	high		rhinovirus A1
Paslahepevirus_balayani_NC_074955_1	IV	high		Paslahepevirus balayani
Hepatovirus_A	IV	high		Hepatovirus A
Human_betaherpesvirus_5	I	high		Human betaherpesvirus 5
Torque_teno_virus_TTV_HD14a_gbDhDi33_32	II	high		Torque teno virus
Monkeypox_virus_Ia	I	high		Monkeypox virus
Monkeypox_virus_IIb	I	high		Monkeypox virus
Canine_parvovirus	II	high		Canine parvovirus
Human_alphaherpesvirus_1	I	high		Human alphaherpesvirus 1
Human_T_cell_leukemia_virus_type_I	VI	high		Human T-cell leukemia virus type I
Primate_T_lymphotropic_virus_1	VI	high		Primate T-lymphotropic virus 1
SFTS_virus_HB29_M	V	medium	ambisense bandavirus (S segment)	SFTS virus HB29
SFTS_virus_HB29_S	V	medium	ambisense bandavirus (S segment)	SFTS virus HB29
SFTS_virus_HB29_L	V	medium	ambisense bandavirus (S segment)	SFTS virus HB29
Severe_fever_with_thrombocytopenia_syndrome_virus_L	V	medium	ambisense bandavirus (S segment)	Severe fever with thrombocytopenia syndrome virus
Severe_fever_with_thrombocytopenia_syndrome_virus_M	V	medium	ambisense bandavirus (S segment)	Severe fever with thrombocytopenia syndrome virus
Severe_fever_with_thrombocytopenia_syndrome_virus_S	V	medium	ambisense bandavirus (S segment)	Severe fever with thrombocytopenia syndrome virus
Human_alphaherpesvirus_2	I	high		Human alphaherpesvirus 2
Chikungunya_virus	IV	high		Chikungunya virus
Porcine_epidemic_diarrhea_virus	IV	high		Porcine epidemic diarrhea virus
Human_rhinovirus_NAT001	IV	high		Human rhinovirus NAT001
Infectious_bursal_disease_virus_UK661_B	III	high		Infectious bursal disease virus
Infectious_bursal_disease_virus_UK661_A	III	high		Infectious bursal disease virus
Infectious_bursal_disease_virus_1977_from_Schobries_et_al_1977_B	III	high		Infectious bursal disease virus
Infectious_bursal_disease_virus_1977_from_Schobries_et_al_1977_A	III	high		Infectious bursal disease virus
Citrus_tristeza_virus	IV	high		Citrus tristeza virus
Human_immunodeficiency_virus_2	VI	high		Human immunodeficiency virus 2
enterovirus_D68	IV	high		enterovirus D68
Peach_latent_mosaic_viroid	viroid	low	viroid; no Baltimore class (non-encapsidated circular RNA)	Peach latent mosaic viroid
Human_parechovirus_1	IV	high		Human parechovirus 1
Parechovirus_A	IV	high		Parechovirus A
Human_adenovirus_35	I	high		Human adenovirus 35
Human_adenovirus_7	I	high		Human adenovirus 7
Human_mastadenovirus_B_Human_adenovirus_11	I	high		Human mastadenovirus B
Human_mastadenovirus_B_Human_adenovirus_3	I	high		Human mastadenovirus B
Simian_adenovirus_21	I	high		Simian adenovirus 21
Feline_infectious_peritonitis_virus	IV	high		Feline infectious peritonitis virus
Swine_enteric_coronavirus	IV	high		Swine enteric coronavirus
Transmissible_gastroenteritis_virus	IV	high		Transmissible gastroenteritis virus
Deformed_wing_virus	IV	high		Deformed wing virus
Varroa_destructor_virus_1	IV	high		Varroa destructor virus 1
Human_adenovirus_1	I	high		Human adenovirus 1
Human_adenovirus_2	I	high		Human adenovirus 2
Human_adenovirus_5	I	high		Human adenovirus 5
Human_mastadenovirus_C	I	high		Human mastadenovirus C
JC_polyomavirus	I	high		JC polyomavirus
Avian_orthoreovirus_AVS_B_L1	III	high		Avian orthoreovirus
Avian_orthoreovirus_AVS_B_S4	III	high		Avian orthoreovirus
Avian_orthoreovirus_AVS_B_L2	III	high		Avian orthoreovirus
Avian_orthoreovirus_AVS_B_L3	III	high		Avian orthoreovirus
Avian_orthoreovirus_AVS_B_S2	III	high		Avian orthoreovirus
Avian_orthoreovirus_AVS_B_S3	III	high		Avian orthoreovirus
Avian_orthoreovirus_AVS_B_M1	III	high		Avian orthoreovirus
Avian_orthoreovirus_AVS_B_M2	III	high		Avian orthoreovirus
Avian_orthoreovirus_AVS_B_M3	III	high		Avian orthoreovirus
Orthotospovirus_tomatomaculae_S	V	medium	ambisense tospovirus	Orthotospovirus tomatomaculae
Orthotospovirus_tomatomaculae_M	V	medium	ambisense tospovirus	Orthotospovirus tomatomaculae
Orthotospovirus_tomatomaculae_L	V	medium	ambisense tospovirus	Orthotospovirus tomatomaculae
Sapovirus_C12	IV	high		Sapovirus C12
Sapovirus_Hu_Dresden_pJG_Sap01_DE	IV	high		Sapovirus Hu/Dresden/pJG-Sap01/DE
Sapovirus_Hu_GI_Sapporo_MT_2010_1982	IV	high		Sapovirus Hu/GI/Sapporo/MT-2010/1982
Sapovirus_Mc10	IV	high		Sapovirus Mc10
Rotavirus_C_5	III	high		Rotavirus C
Rotavirus_C_9	III	high		Rotavirus C
Rotavirus_C_1	III	high		Rotavirus C
Rotavirus_C_8	III	high		Rotavirus C
Rotavirus_C_6	III	high		Rotavirus C
Rotavirus_C_2	III	high		Rotavirus C
Rotavirus_C_4	III	high		Rotavirus C
GB_virus_C	IV	high		GB virus C
Bovine_respiratory_syncytial_virus_ATCC51908	V	high		Bovine respiratory syncytial virus ATCC51908
bovine_respiratory_syncytial_virus	V	high		bovine respiratory syncytial virus
Orthonairovirus_haemorrhagiae_L	V	high		Orthonairovirus haemorrhagiae
Orthonairovirus_haemorrhagiae_S	V	high		Orthonairovirus haemorrhagiae
Orthonairovirus_haemorrhagiae_M	V	high		Orthonairovirus haemorrhagiae
Human_gammaherpesvirus_8	I	high		Human gammaherpesvirus 8
Human_coronavirus_OC43	IV	high		Human coronavirus OC43
Potato_virus_Y	IV	high		Potato virus Y
Piscine_orthoreovirus_M1	III	high		Piscine orthoreovirus
Piscine_orthoreovirus_M3	III	high		Piscine orthoreovirus
Piscine_orthoreovirus_M2	III	high		Piscine orthoreovirus
Piscine_orthoreovirus_S2	III	high		Piscine orthoreovirus
Piscine_orthoreovirus_L2	III	high		Piscine orthoreovirus
Piscine_orthoreovirus_S3	III	high		Piscine orthoreovirus
Piscine_orthoreovirus_S1	III	high		Piscine orthoreovirus
Piscine_orthoreovirus_L3	III	high		Piscine orthoreovirus
Piscine_orthoreovirus_L1	III	high		Piscine orthoreovirus
Piscine_orthoreovirus_S4	III	high		Piscine orthoreovirus
Betapolyomavirus_hominis	I	high		Betapolyomavirus hominis
Classical_swine_fever_virus	IV	high		Classical swine fever virus
Classical_swine_fever_virus_Alfort_187	IV	high		Classical swine fever virus - Alfort/187
Hepatitis_delta_virus_NC_001653_2	V	low	satellite; circular (-)ssRNA, conventionally placed in V	Hepatitis delta virus
Hepatitis_delta_virus_dFr2072	V	low	satellite; circular (-)ssRNA, conventionally placed in V	Hepatitis delta virus
Hepatitis_delta_virus_dFr2005	V	low	satellite; circular (-)ssRNA, conventionally placed in V	Hepatitis delta virus
Hepatitis_delta_virus_dFr2158	V	low	satellite; circular (-)ssRNA, conventionally placed in V	Hepatitis delta virus
Hepatitis_delta_virus_NC_076110_1	V	low	satellite; circular (-)ssRNA, conventionally placed in V	Hepatitis delta virus
hepatitis_D_virus_1	V	low	satellite; circular (-)ssRNA, conventionally placed in V	hepatitis D virus 1
Rubella_virus_F_Therien	IV	high		Rubella virus
Rubella_virus_RVi_Bismarck_ND_USA_23_08_2B	IV	high		Rubella virus
Bovine_leukemia_virus	VI	high		Bovine leukemia virus
Human_parvovirus_B19	II	high		Human parvovirus B19
human_papillomavirus_18	I	high		human papillomavirus 18
Japanese_encephalitis_virus	IV	high		Japanese encephalitis virus
Human_respirovirus_3_NC_001796_2	V	high		Human respirovirus 3
Human_respirovirus_3_Guangzhou	V	high		Human respirovirus 3
Simian_Agent_10	I	low	ambiguous name; treated as simian adenovirus SA10 (dsDNA)	Simian Agent 10
Zaire_ebolavirus	V	high		Zaire ebolavirus
canine_distemper_virus	V	high		canine distemper virus
Human_mastadenovirus_F	I	high		Human mastadenovirus F
Tick_borne_encephalitis_virus	IV	high		Tick-borne encephalitis virus
Orbivirus_alphaequi_8	III	high		Orbivirus alphaequi
Orbivirus_alphaequi_10	III	high		Orbivirus alphaequi
Orbivirus_alphaequi_7	III	high		Orbivirus alphaequi
Orbivirus_alphaequi_4	III	high		Orbivirus alphaequi
Orbivirus_alphaequi_3	III	high		Orbivirus alphaequi
Orbivirus_alphaequi_1	III	high		Orbivirus alphaequi
Orbivirus_alphaequi_5	III	high		Orbivirus alphaequi
Tomato_yellow_leaf_curl_virus	II	high		Tomato yellow leaf curl virus
Human_adenovirus_54	I	high		Human adenovirus 54
Human_mastadenovirus_D_Human_adenovirus_type_17	I	high		Human mastadenovirus D
Oropouche_virus_S	V	medium	ambisense orthobunyavirus (S segment)	Oropouche virus
Oropouche_virus_L	V	medium	ambisense orthobunyavirus (S segment)	Oropouche virus
Oropouche_virus_M	V	medium	ambisense orthobunyavirus (S segment)	Oropouche virus
Potato_spindle_tuber_viroid	viroid	low	viroid; no Baltimore class (non-encapsidated circular RNA)	Potato spindle tuber viroid
Plum_pox_virus	IV	high		Plum pox virus
Porcine_circovirus_3	II	high		Porcine circovirus 3
Mammarenavirus_lassaense_L	V	medium	ambisense arenavirus	Mammarenavirus lassaense
Human_papillomavirus_type_6b	I	high		Human papillomavirus type 6b
Mamastrovirus_1	IV	high		Mamastrovirus 1
Rabbit_hemorrhagic_disease_virus	IV	high		Rabbit hemorrhagic disease virus
Zika_virus_MR_766	IV	high		Zika virus
Zika_virus_Natal_RGN	IV	high		Zika virus
Influenza_C_virus_C_Ann_Arbor_1_50_7	V	high		Influenza C virus (C/Ann Arbor/1/50)
Influenza_C_virus_C_Ann_Arbor_1_50_6	V	high		Influenza C virus (C/Ann Arbor/1/50)
Influenza_C_virus_C_Ann_Arbor_1_50_2	V	high		Influenza C virus (C/Ann Arbor/1/50)
Influenza_C_virus_C_Ann_Arbor_1_50_3	V	high		Influenza C virus (C/Ann Arbor/1/50)
Influenza_C_virus_C_Ann_Arbor_1_50_5	V	high		Influenza C virus (C/Ann Arbor/1/50)
Influenza_C_virus_C_Ann_Arbor_1_50_1	V	high		Influenza C virus (C/Ann Arbor/1/50)
Influenza_C_virus_C_Ann_Arbor_1_50_4	V	high		Influenza C virus (C/Ann Arbor/1/50)
Isavirus_salaris_6	V	high		Isavirus salaris
Isavirus_salaris_3	V	high		Isavirus salaris
Isavirus_salaris_4	V	high		Isavirus salaris
Isavirus_salaris_5	V	high		Isavirus salaris
Suid_alphaherpesvirus_1_Composite_of_6_strains	I	high		Suid alphaherpesvirus 1
Suid_alphaherpesvirus_1_Kaplan	I	high		Suid alphaherpesvirus 1
Mammalian_orthoreovirus_3_L1	III	high		Mammalian orthoreovirus 3
Mammalian_orthoreovirus_3_S4	III	high		Mammalian orthoreovirus 3
Mammalian_orthoreovirus_3_S1	III	high		Mammalian orthoreovirus 3
Mammalian_orthoreovirus_3_M3	III	high		Mammalian orthoreovirus 3
Mammalian_orthoreovirus_3_S2	III	high		Mammalian orthoreovirus 3
Mammalian_orthoreovirus_3_M2	III	high		Mammalian orthoreovirus 3
Mammalian_orthoreovirus_3_S3	III	high		Mammalian orthoreovirus 3
Mammalian_orthoreovirus_3_M1	III	high		Mammalian orthoreovirus 3
Mammalian_orthoreovirus_3_L2	III	high		Mammalian orthoreovirus 3
Mammalian_orthoreovirus_3_L3	III	high		Mammalian orthoreovirus 3
Mammalian_orthoreovirus_3_Dearing_S4	III	high		Mammalian orthoreovirus 3 Dearing
Mammalian_orthoreovirus_3_Dearing_L1	III	high		Mammalian orthoreovirus 3 Dearing
Mammalian_orthoreovirus_3_Dearing_M3	III	high		Mammalian orthoreovirus 3 Dearing
Mammalian_orthoreovirus_3_Dearing_S1	III	high		Mammalian orthoreovirus 3 Dearing
Mammalian_orthoreovirus_3_Dearing_S3	III	high		Mammalian orthoreovirus 3 Dearing
Mammalian_orthoreovirus_3_Dearing_S2	III	high		Mammalian orthoreovirus 3 Dearing
Mammalian_orthoreovirus_3_Dearing_L2	III	high		Mammalian orthoreovirus 3 Dearing
Mammalian_orthoreovirus_3_Dearing_M1	III	high		Mammalian orthoreovirus 3 Dearing
Mammalian_orthoreovirus_3_Dearing_M2	III	high		Mammalian orthoreovirus 3 Dearing
Mammalian_orthoreovirus_3_Dearing_L3	III	high		Mammalian orthoreovirus 3 Dearing
Turnip_mosaic_virus	IV	high		Turnip mosaic virus
Tomato_leaf_curl_New_Delhi_virus_DNA_A	II	high		Tomato leaf curl New Delhi virus
Lumpy_skin_disease_virus_NI_2490	I	high		Lumpy skin disease virus NI-2490
Peste_des_petits_ruminants_virus	V	high		Peste des petits ruminants virus
Adeno_associated_virus_1	II	high		Adeno-associated virus - 1
Adeno_associated_virus_3	II	high		Adeno-associated virus - 3
Adeno_associated_virus_4	II	high		Adeno-associated virus - 4
Adeno_associated_virus_7	II	high		Adeno-associated virus - 7
Adeno_associated_virus_8	II	high		Adeno-associated virus - 8
adeno_associated_virus_2	II	high		adeno-associated virus 2
Horsepox_virus	I	high		Horsepox virus
Orthopoxvirus_vaccinia	I	high		Orthopoxvirus vaccinia
Human_alphaherpesvirus_3	I	high		Human alphaherpesvirus 3
rhinovirus_B14	IV	high		rhinovirus B14
rhinovirus_B3	IV	high		rhinovirus B3
Yellow_fever_virus	IV	high		Yellow fever virus
Orthohantavirus_hantanense_NC_005218_1	V	high		Orthohantavirus hantanense
Orthohantavirus_hantanense_L	V	high		Orthohantavirus hantanense
Orthohantavirus_hantanense_NC_005219_1	V	high		Orthohantavirus hantanense
Lelystad_virus	IV	high		Lelystad virus
Chicken_anemia_virus	II	high		Chicken anemia virus
Orthohantavirus_seoulense_S	V	high		Orthohantavirus seoulense
Orthohantavirus_seoulense_M	V	high		Orthohantavirus seoulense
Orthohantavirus_seoulense_L	V	high		Orthohantavirus seoulense
Grapevine_rupestris_stem_pitting_associated_virus	IV	high		Grapevine rupestris stem pitting-associated virus
Grapevine_leafroll_associated_virus_3	IV	high		Grapevine leafroll-associated virus 3
Gallid_alphaherpesvirus_2	I	high		Gallid alphaherpesvirus 2
Papaya_ringspot_virus	IV	high		Papaya ringspot virus
Feline_calicivirus_Urbana	IV	high		Feline calicivirus
Feline_calicivirus_NC_075569_1	IV	high		Feline calicivirus
Epizootic_hemorrhagic_disease_virus_serotype_1_strain_New_Jersey_1	III	high		Epizootic hemorrhagic disease virus (serotype 1 / strain New Jersey)
Epizootic_hemorrhagic_disease_virus_serotype_1_strain_New_Jersey_5	III	high		Epizootic hemorrhagic disease virus (serotype 1 / strain New Jersey)
Epizootic_hemorrhagic_disease_virus_serotype_1_strain_New_Jersey_4	III	high		Epizootic hemorrhagic disease virus (serotype 1 / strain New Jersey)
Epizootic_hemorrhagic_disease_virus_serotype_1_strain_New_Jersey_9	III	high		Epizootic hemorrhagic disease virus (serotype 1 / strain New Jersey)
Epizootic_hemorrhagic_disease_virus_serotype_1_strain_New_Jersey_3	III	high		Epizootic hemorrhagic disease virus (serotype 1 / strain New Jersey)
Epizootic_hemorrhagic_disease_virus_serotype_1_strain_New_Jersey_7	III	high		Epizootic hemorrhagic disease virus (serotype 1 / strain New Jersey)
Beak_and_feather_disease_virus	II	high		Beak and feather disease virus
Viral_hemorrhagic_septicemia_virus_Fil3	V	high		Viral hemorrhagic septicemia virus Fil3
Rift_Valley_fever_virus_L	V	medium	ambisense phlebovirus (S segment)	Rift Valley fever virus
Rift_Valley_fever_virus_M	V	medium	ambisense phlebovirus (S segment)	Rift Valley fever virus
Rift_Valley_fever_virus_S	V	medium	ambisense phlebovirus (S segment)	Rift Valley fever virus
Aleutian_mink_disease_virus	II	high		Aleutian mink disease virus
Influenza_D_virus_D_swine_Oklahoma_1334_2011_6	V	high		Influenza D virus (D/swine/Oklahoma/1334/2011)
Influenza_D_virus_D_swine_Oklahoma_1334_2011_5	V	high		Influenza D virus (D/swine/Oklahoma/1334/2011)
Influenza_D_virus_D_swine_Oklahoma_1334_2011_2	V	high		Influenza D virus (D/swine/Oklahoma/1334/2011)
Influenza_D_virus_D_swine_Oklahoma_1334_2011_3	V	high		Influenza D virus (D/swine/Oklahoma/1334/2011)
Influenza_D_virus_D_swine_Oklahoma_1334_2011_1	V	high		Influenza D virus (D/swine/Oklahoma/1334/2011)
Influenza_D_virus_D_swine_Oklahoma_1334_2011_4	V	high		Influenza D virus (D/swine/Oklahoma/1334/2011)
Influenza_D_virus_D_swine_Oklahoma_1334_2011_7	V	high		Influenza D virus (D/swine/Oklahoma/1334/2011)
Middle_East_respiratory_syndrome_related_coronavirus	IV	high		Middle East respiratory syndrome-related coronavirus
Avian_leukemia_virus	VI	high		Avian leukemia virus
Avian_leukosis_virus_RSA	VI	high		Avian leukosis virus - RSA
Sugarcane_mosaic_virus	IV	high		Sugarcane mosaic virus
Bocaparvovirus_primate1_st2	II	high		Bocaparvovirus primate1
Bocaparvovirus_primate1_Salvador1	II	high		Bocaparvovirus primate1
Bocavirus_gorilla_GBoV1_2009	II	high		Bocavirus gorilla/GBoV1/2009
Human_bocavirus_3	II	high		Human bocavirus 3
Equid_alphaherpesvirus_1	I	high		Equid alphaherpesvirus 1
Gallid_alphaherpesvirus_1_Composite_of_6_strains	I	high		Gallid alphaherpesvirus 1
Gallid_alphaherpesvirus_1_SA2	I	high		Gallid alphaherpesvirus 1
Zucchini_yellow_mosaic_virus	IV	high		Zucchini yellow mosaic virus
Infectious_pancreatic_necrosis_virus_A	III	high		Infectious pancreatic necrosis virus
Infectious_pancreatic_necrosis_virus_B	III	high		Infectious pancreatic necrosis virus
Porcine_kobuvirus	IV	high		Porcine kobuvirus
Porcine_kobuvirus_SH_W_CHN_2010_China	IV	high		Porcine kobuvirus SH-W-CHN/2010/China
Porcine_kobuvirus_swine_S_1_HUN_2007_Hungary	IV	high		Porcine kobuvirus swine/S-1-HUN/2007/Hungary
Watermelon_mosaic_virus	IV	high		Watermelon mosaic virus
Hop_stunt_viroid	viroid	low	viroid; no Baltimore class (non-encapsidated circular RNA)	Hop stunt viroid
Pepino_mosaic_virus	IV	high		Pepino mosaic virus
Usutu_virus	IV	high		Usutu virus
Grapevine_Pinot_gris_virus	IV	high		Grapevine Pinot gris virus
Human_papillomavirus_type_53	I	high		Human papillomavirus type 53
human_papillomavirus_30	I	high		human papillomavirus 30
Eastern_equine_encephalitis_virus	IV	high		Eastern equine encephalitis virus
Human_coronavirus_NL63	IV	high		Human coronavirus NL63
Human_respirovirus_1	V	high		Human respirovirus 1
Rice_yellow_mottle_virus	IV	high		Rice yellow mottle virus
Capillovirus_mali	IV	high		Capillovirus mali
Columbid_circovirus	II	high		Columbid circovirus
Rice_black_streaked_dwarf_virus_1	III	high		Rice black streaked dwarf virus
Rice_black_streaked_dwarf_virus_5	III	high		Rice black streaked dwarf virus
Rice_black_streaked_dwarf_virus_8	III	high		Rice black streaked dwarf virus
Rice_black_streaked_dwarf_virus_10	III	high		Rice black streaked dwarf virus
Maize_streak_virus_A_Ama	II	high		Maize streak virus - A[Ama]
Maize_streak_virus_A_South_Africa	II	high		Maize streak virus - A[South Africa]
Trichovirus_mali	IV	high		Trichovirus mali
Camel_alphacoronavirus	IV	high		Camel alphacoronavirus
Human_coronavirus_229E	IV	high		Human coronavirus 229E
Equine_arteritis_virus	IV	high		Equine arteritis virus
Foveavirus_mali	IV	high		Foveavirus mali
Cardamom_bushy_dwarf_virus_M	II	high		Cardamom bushy dwarf virus
Cardamom_bushy_dwarf_virus_DNA_U3	II	high		Cardamom bushy dwarf virus
Cardamom_bushy_dwarf_virus_NC_038809_1	II	high		Cardamom bushy dwarf virus
Cardamom_bushy_dwarf_virus_NC_038810_1	II	high		Cardamom bushy dwarf virus
Cardamom_bushy_dwarf_virus_NC_038816_1	II	high		Cardamom bushy dwarf virus
Cardamom_bushy_dwarf_virus_NC_038808_1	II	high		Cardamom bushy dwarf virus
Mogiana_tick_virus_SY84_1	IV	low	segmented jingmenvirus; +ssRNA by flavi-like affinity	Mogiana tick virus
Mogiana_tick_virus_SY84_3	IV	low	segmented jingmenvirus; +ssRNA by flavi-like affinity	Mogiana tick virus
Mogiana_tick_virus_SY84_4	IV	low	segmented jingmenvirus; +ssRNA by flavi-like affinity	Mogiana tick virus
Mogiana_tick_virus_SY84_2	IV	low	segmented jingmenvirus; +ssRNA by flavi-like affinity	Mogiana tick virus
Mogiana_tick_virus_MGTV_V4_11_4	IV	low	segmented jingmenvirus; +ssRNA by flavi-like affinity	Mogiana tick virus
Mogiana_tick_virus_MGTV_V4_11_1	IV	low	segmented jingmenvirus; +ssRNA by flavi-like affinity	Mogiana tick virus
Mogiana_tick_virus_MGTV_V4_11_3	IV	low	segmented jingmenvirus; +ssRNA by flavi-like affinity	Mogiana tick virus
Mogiana_tick_virus_MGTV_V4_11_2	IV	low	segmented jingmenvirus; +ssRNA by flavi-like affinity	Mogiana tick virus
Chimpanzee_adenovirus_Y25	I	high		Chimpanzee adenovirus Y25
Human_mastadenovirus_E	I	high		Human mastadenovirus E
Simian_adenovirus_25	I	high		Simian adenovirus 25
Human_coronavirus_HKU1	IV	high		Human coronavirus HKU1
Human_mastadenovirus_A	I	high		Human mastadenovirus A
Human_orthorubulavirus_2	V	high		Human orthorubulavirus 2
Human_parainfluenza_virus_4a	V	high		Human parainfluenza virus 4a
Kyasanur_Forest_disease_virus	IV	high		Kyasanur Forest disease virus
Marburg_virus	V	high		Marburg virus - Musoke, Kenya, 1980
Murray_Valley_encephalitis_virus	IV	high		Murray Valley encephalitis virus
Nipah_virus	V	high		Henipavirus nipahense
Orthohantavirus_andesense_M	V	high		Orthohantavirus andesense
Powassan_virus	IV	high		Powassan virus
Ross_River_virus	IV	high		Ross River virus
Saint_Louis_encephalitis_virus	IV	high		Saint Louis encephalitis virus
Sindbis_virus	IV	high		Sindbis virus
Sudan_ebolavirus	V	high		Sudan ebolavirus
Venezuelan_equine_encephalitis_virus	IV	high		Venezuelan equine encephalitis virus
WU_Polyomavirus	I	high		WU Polyomavirus
